thread_radius_um,published_bubble_radius_mm,inferred_bubble_radius_for_calculator_mm
10,0.18,0.178461
20,0.28,0.283134
50,0.56,0.564231
80,0.83,0.834377
100,1.0,1.002721
150,1.4,1.422314
200,1.8,1.811312
400,3.2,3.150869
750,4.7,4.679123
1250,6.4,6.449000
